{
    "0": [
        95.5,
        102.16666666666667,
        90.375,
        98.54166666666667,
        110.91666666666667,
        102.08333333333334,
        121.83333333333334,
        95.70833333333333,
        97.54166666666667,
        100.5,
        106.625,
        115.20833333333334
    ],
    "1": [
        102.83653030405104,
        117.16639941502743,
        106.4192248691952,
        117.96868588879909,
        98.63530671764127,
        102.18212813257884,
        111.48454454100425,
        84.96854646658583,
        102.09582369139048,
        101.43027224804636,
        119.84214034289951,
        120.362270207379
    ],
    "2": [
        105.26247132510963,
        113.48426383142368,
        116.2980390452895,
        123.63629862914067,
        97.50002742101032,
        121.96907486662505,
        105.57798423922779,
        96.55564900967198,
        116.0945434756569,
        99.68461719637386,
        123.70920352348412,
        119.28821303488002
    ],
    "3": [
        107.78315484726578,
        103.75860310025426,
        128.67270636300054,
        136.6977067982031,
        100.52530494890755,
        125.90522550845375,
        107.15531466565459,
        98.9800094306806,
        119.40750056226244,
        106.30441240725735,
        117.87364052886488,
        127.97704932035109
    ],
    "4": [
        106.32614505241412,
        115.11524448116191,
        137.62572286629475,
        138.13622588185444,
        106.29471614728547,
        129.6793836922327,
        113.0956204702637,
        107.67783953733954,
        125.34223445139048,
        116.28442383706059,
        119.27518211080888,
        122.55595916242333
    ],
    "5": [
        115.54521733032865,
        125.46434518578418,
        127.04159150029214,
        140.78677610918882,
        125.86382666066564,
        136.59079856690335,
        115.85094113785603,
        111.2987139603866,
        137.14620824914024,
        121.84447217960692,
        122.79283773173175,
        118.11834042773002
    ],
    "6": [
        120.43009966426943,
        118.27934751549661,
        135.22645867283637,
        153.71352785547992,
        124.95771018004892,
        141.536297605209,
        115.0856237414183,
        109.81168019451009,
        142.29226452941614,
        124.53176836281774,
        128.3048855957852,
        134.93630182768612
    ],
    "7": [
        123.87104188089651,
        130.2465604785413,
        149.62062640771066,
        152.62124726449073,
        125.1343019176175,
        146.74805703215773,
        121.61997056502177,
        115.5767514060794,
        145.80993535566844,
        128.7479982410601,
        134.27097212932654,
        137.84091463743007
    ],
    "8": [
        129.0242449164575,
        143.9405092206001,
        155.1009868613702,
        149.99025215638167,
        138.40730561478074,
        155.01323538618618,
        129.52685738878918,
        121.67580998874553,
        152.37427246201318,
        136.2604829122106,
        139.98436165067253,
        128.54049808158013
    ],
    "9": [
        135.94114509097162,
        133.41206484936848,
        147.40504550526154,
        178.19192092143655,
        146.723296235992,
        159.78512886997433,
        133.27352579294995,
        126.58888940553311,
        137.55538030900607,
        137.4695831462832,
        139.26467960044394,
        141.71672572379936
    ]
}