{
    "Popularity": {
        "1": [
            111.75,
            101.08333333333334,
            96.875,
            109.375,
            103.33333333333333,
            93.41666666666667,
            107.75,
            108.70833333333334,
            95.375,
            86.41666666666667,
            109.875,
            111.0
        ],
        "2": [
            137.80068412583273,
            97.96149650329335,
            100.19635584718992,
            117.36987984581128,
            91.79969976682375,
            102.54640958820212,
            98.6405240151396,
            108.57630711201647,
            97.64416449411158,
            96.89394194749974,
            117.97665773394478,
            112.73587553795488
        ]
    },
    "Influence": {
        "1": [
            [
                7.916666666666666,
                0.0,
                0.0,
                8.666666666666668,
                0.0,
                6.5,
                0.0,
                0.0,
                0.0,
                0.0,
                0.0,
                0.0
            ],
            [
                3.25,
                1.5833333333333333,
                0.0,
                4.333333333333334,
                0.0,
                0.0,
                0.0,
                5.416666666666668,
                5.416666666666668,
                0.0,
                0.0,
                5.416666666666668
            ],
            [
                2.166666666666667,
                6.5,
                7.124999999999999,
                0.0,
                0.0,
                0.0,
                0.0,
                2.166666666666667,
                1.0833333333333335,
                0.0,
                2.166666666666667,
                2.166666666666667
            ],
            [
                6.5,
                0.0,
                2.166666666666667,
                5.541666666666668,
                0.0,
                0.0,
                2.166666666666667,
                0.0,
                0.0,
                0.0,
                5.416666666666668,
                2.166666666666667
            ],
            [
                0.0,
                0.0,
                0.0,
                0.0,
                19.0,
                0.0,
                0.0,
                0.0,
                0.0,
                0.0,
                0.0,
                0.0
            ],
            [
                6.5,
                2.166666666666667,
                3.25,
                0.0,
                0.0,
                4.75,
                0.0,
                0.0,
                0.0,
                1.0833333333333335,
                6.5,
                0.0
            ],
            [
                0.0,
                0.0,
                0.0,
                0.0,
                1.0833333333333335,
                1.0833333333333335,
                15.833333333333332,
                2.166666666666667,
                0.0,
                0.0,
                0.0,
                0.0
            ],
            [
                0.0,
                5.416666666666668,
                0.0,
                1.0833333333333335,
                1.0833333333333335,
                1.0833333333333335,
                2.166666666666667,
                10.291666666666666,
                0.0,
                0.0,
                1.0833333333333335,
                0.0
            ],
            [
                3.25,
                2.166666666666667,
                0.0,
                6.5,
                0.0,
                0.0,
                0.0,
                5.416666666666668,
                2.375,
                2.166666666666667,
                3.25,
                0.0
            ],
            [
                0.0,
                3.25,
                4.333333333333334,
                1.0833333333333335,
                0.0,
                0.0,
                4.333333333333334,
                1.0833333333333335,
                3.25,
                3.1666666666666665,
                4.333333333333334,
                0.0
            ],
            [
                0.0,
                0.0,
                0.0,
                0.0,
                2.166666666666667,
                0.0,
                3.25,
                2.166666666666667,
                3.25,
                0.0,
                7.124999999999999,
                5.416666666666668
            ],
            [
                2.166666666666667,
                0.0,
                0.0,
                2.166666666666667,
                0.0,
                0.0,
                0.0,
                0.0,
                0.0,
                0.0,
                0.0,
                15.833333333333332
            ]
        ],