{
    "Popularity": {
        "1": [
            106.33333333333334,
            101.08333333333333,
            90.375,
            114.79166666666666,
            118.5,
            104.25,
            102.33333333333333,
            106.54166666666667,
            92.125,
            95.08333333333333,
            89.29166666666667,
            114.54166666666667
        ],
        "2": [
            111.91481616406936,
            108.88317036868382,
            99.86283222230657,
            124.85815137370979,
            106.06121945203401,
            111.179036695507,
            111.22499713283413,
            102.78524773578225,
            96.04355850072524,
            116.36721045840926,
            94.40880177764288,
            100.45602392607773
        ]
    },
    "Influence": {
        "1": [
            [
                7.916666666666666,
                0.0,
                0.0,
                4.333333333333334,
                0.0,
                0.0,
                0.0,
                10.833333333333336,
                0.0,
                0.0,
                0.0,
                0.0
            ],
            [
                4.333333333333334,
                1.5833333333333333,
                0.0,
                6.5,
                0.0,
                6.5,
                0.0,
                0.0,
                4.333333333333334,
                2.166666666666667,
                0.0,
                0.0
            ],
            [
                2.166666666666667,
                0.0,
                7.124999999999999,
                5.416666666666668,
                3.25,
                0.0,
                1.0833333333333335,
                0.0,
                0.0,
                4.333333333333334,
                0.0,
                0.0
            ],
            [
                0.0,
                0.0,
                2.166666666666667,
                5.541666666666668,
                0.0,
                2.166666666666667,
                0.0,
                5.416666666666668,
                0.0,
                0.0,
                2.166666666666667,
                6.5
            ],
            [
                0.0,
                0.0,
                0.0,
                0.0,
                19.0,
                0.0,
                0.0,
                0.0,
                0.0,
                0.0,
                0.0,
                0.0
            ],
            [
                3.25,
                6.5,
                0.0,
                0.0,
                3.25,
                4.75,
                0.0,
                0.0,
                0.0,
                2.166666666666667,
                0.0,
                4.333333333333334
            ],
            [
                0.0,
                0.0,
                1.0833333333333335,
                2.166666666666667,
                0.0,
                0.0,
                15.833333333333332,
                0.0,
                0.0,
                1.0833333333333335,
                0.0,
                0.0
            ],
            [
                1.0833333333333335,
                0.0,
                0.0,
                2.166666666666667,
                0.0,
                4.333333333333334,
                0.0,
                10.291666666666666,
                1.0833333333333335,
                2.166666666666667,
                0.0,
                1.0833333333333335
            ],
            [
                4.333333333333334,
                6.5,
                0.0,
                6.5,
                3.25,
                0.0,
                2.166666666666667,
                0.0,
                2.375,
                0.0,
                0.0,
                0.0
            ],
            [
                0.0,
                5.416666666666668,
                0.0,
                0.0,
                3.25,
                3.25,
                3.25,
                0.0,
                4.333333333333334,
                3.1666666666666665,
                0.0,
                2.166666666666667
            ],
            [
                0.0,
                1.0833333333333335,
                0.0,
                2.166666666666667,
                4.333333333333334,
                3.25,
                0.0,
                0.0,
                0.0,
                0.0,
                7.124999999999999,
                5.416666666666668
            ],
            [
                3.25,
                0.0,
                0.0,
                0.0,
                2.166666666666667,
                0.0,
                0.0,
                0.0,
                0.0,
                0.0,
                0.0,
                15.041666666666664
            ]
        ],